customer_id,name,email
1,iIQiPpQg,iiqippqg@example.com
2,oFiKUEko,ofikueko@example.com
3,POqGvjWI,poqgvjwi@example.com
4,bXDCJXOe,bxdcjxoe@example.com
5,XgQPaqaZ,xgqpaqaz@example.com
6,HfnUirPx,hfnuirpx@example.com
7,EHtPvlAsP,ehtpvlasp@example.com
8,OZHafs,ozhafs@example.com
9,jBrrNJ,jbrrnj@example.com
10,nciVV,ncivv@example.com
11,pqzSAzh,pqzsazh@example.com
12,ZuvEyGxBT,zuveygxbt@example.com
13,TUILmPl,tuilmpl@example.com
14,KiDoP,kidop@example.com
15,QlXZFu,qlxzfu@example.com
16,InAjFx,inajfx@example.com
17,yuujJLyXF,yuujjlyxf@example.com
18,LpWNxUI,lpwnxui@example.com
19,aomSFR,aomsfr@example.com
20,hAtlgRE,hatlgre@example.com
21,gMYQVBR,gmyqvbr@example.com
22,YKQTpSI,ykqtpsi@example.com
23,gmbxAtbFI,gmbxatbfi@example.com
24,UGUboQqN,uguboqqn@example.com
25,VBvqT,vbvqt@example.com
26,ugZXOK,ugzxok@example.com
27,PKQvOnCT,pkqvonct@example.com
28,XUJSZrTFFV,xujszrtffv@example.com
29,JkUFCupMEw,jkufcupmew@example.com
30,ioXOuIC,ioxouic@example.com
31,VEEZBft,veezbft@example.com
32,rkNSpdQXI,rknspdqxi@example.com
33,xccOEq,xccoeq@example.com
34,zyMgaFCSh,zymgafcsh@example.com
35,HTFOnNLcI,htfonnlci@example.com
36,LRMkoiIW,lrmkoiiw@example.com
37,cxToZur,cxtozur@example.com
38,vsRLiVdJQ,vsrlivdjq@example.com
39,XEwnryM,xewnrym@example.com
40,uxjOatTcK,uxjoattck@example.com
41,dvtgsF,dvtgsf@example.com
42,dAysOMnYn,daysomnyn@example.com
43,JcKCHVGUPm,jckchvgupm@example.com
44,PYqKfcX,pyqkfcx@example.com
45,vRrCs,vrrcs@example.com
46,qfPoRqEfS,qfporqefs@example.com
47,rMsGjh,rmsgjh@example.com
48,vkFNRXac,vkfnrxac@example.com
49,UpcKuzGYSA,upckuzgysa@example.com
50,SDYEdYefE,sdyedyefe@example.com
51,BvBBOkKM,bvbbokkm@example.com
52,pWIPyx,pwipyx@example.com
53,DSnwq,dsnwq@example.com
54,mCFaa,mcfaa@example.com
55,vvpCURKasF,vvpcurkasf@example.com
56,WSXWbt,wsxwbt@example.com
57,ZkcMAE,zkcmae@example.com
58,rlGlYwE,rlglywe@example.com
59,exZupsXFM,exzupsxfm@example.com
60,xABMk,xabmk@example.com
61,tKaQnfuA,tkaqnfua@example.com
62,YrcfOZIGhK,yrcfozighk@example.com
63,wNEtaxJ,wnetaxj@example.com
64,qwhwlY,qwhwly@example.com
65,JuXwY,juxwy@example.com
66,gpmlKQv,gpmlkqv@example.com
67,NFOAPFrWU,nfoapfrwu@example.com
68,UUWCMix,uuwcmix@example.com
69,evdmptsPa,evdmptspa@example.com
70,kHnxFbWx,khnxfbwx@example.com
71,iUjjezcwn,iujjezcwn@example.com
72,aLBQVMsMjD,albqvmsmjd@example.com
73,EOyhCsF,eoyhcsf@example.com
74,mrMAOmuooB,mrmaomuoob@example.com
75,LgLcn,lglcn@example.com
76,IFWuYcPP,ifwuycpp@example.com
77,gwVmF,gwvmf@example.com
78,JoIXq,joixq@example.com
79,eTEwsrHL,etewsrhl@example.com
80,ZwOrOCGOZT,zworocgozt@example.com
81,SWHlplvgDo,swhlplvgdo@example.com
82,VmXvGqBHg,vmxvgqbhg@example.com
83,nbmdWEoabq,nbmdweoabq@example.com
84,gSxuT,gsxut@example.com
85,NusUiYukvx,nusuiyukvx@example.com
86,hODqPmOz,hodqpmoz@example.com
87,weStYk,westyk@example.com
88,PPeSJ,ppesj@example.com
89,kJZDQJ,kjzdqj@example.com
90,KjDXoXSF,kjdxoxsf@example.com
91,huVbpW,huvbpw@example.com
92,fgeMhF,fgemhf@example.com
93,dZElZeHP,dzelzehp@example.com
94,qsNnCI,qsnnci@example.com
95,WthFZHa,wthfzha@example.com
96,cerjpDzr,cerjpdzr@example.com
97,HovErqehd,hoverqehd@example.com
98,UqjsyGmY,uqjsygmy@example.com
99,qdtxfpsiu,qdtxfpsiu@example.com
100,QKcoJ,qkcoj@example.com
